about,15998
along,4354
always,7168
be,57284
before,11444
both,4200
by,41706
her,57250
herself,4332
m,4270
much,10798
old,9448
though,5234
up,21534
where,9454
you,89658
after,9468
anything,4206
been,20700
come,13182
d,21186
down,12396
even,6460
found,5116
get,8798
got,8988
have,49250
here,12812
hundred,4366
is,80130
me,41650
men,6780
my,54462
new,6990
now,21884
only,12604
own,8356
she,47346
something,4526
their,21660
them,25524
this,46404
upon,13384
we,40576
will,28828
against,4116
another,6826
around,4160
back,6774
but,66900
do,25990
don,6378
great,10572
had,52096
half,5108
hand,5636
hath,4270
it,140080
like,14252
most,9366
no,34534
o,8758
on,43184
once,5374
saw,5126
take,8522
the,423674
then,22652
thy,8970
time,18120
was,107282
which,27574
work,4910
again,10188
are,27806
as,60302
dear,5010
done,6346
enter,5192
first,10158
going,5464
head,5514
heart,5834
into,11696
long,9168
one,31858
our,15724
right,6578
same,5342
shall,12758
speak,4732
still,6788
thee,7114
they,41658
think,11006
under,5060
us,12296
world,6638
young,5682
all,43690
at,43678
days,4562
lord,7724
mr,10570
of,241976
say,12140
tell,6946
that,122782
through,6658
your,27122
away,9158
ever,8442
go,12672
god,4196
his,69958
how,14522
just,8266
make,11270
mind,5562
miss,4726
never,13100
out,23938
over,9448
sir,9906
very,16806
when,25870
who,15424
why,7644
with,71182
without,7860
word,4072
cannot,4726
could,22660
did,15564
every,9792
gone,4092
good,17832
he,96238
home,4942
i,168946
in,143342
king,9662
let,9972
matter,4326
more,18876
nor,4252
off,6584
oh,4414
or,29230
put,5794
s,56984
such,14116
thought,6256
told,4030
took,5004
were,29470
would,31102
am,13726
because,5412
came,7722
can,15340
father,5472
from,30862
has,13714
hear,4404
heard,4122
its,10626
lady,4882
last,7068
life,6898
little,11768
ll,8454
man,16460
other,13410
so,41854
some,14652
t,28114
there,32796
three,6758
tom,4728
two,12460
well,17102
went,6852
what,29100
a,205708
an,25772
and,347472
being,7962
does,4206
find,5236
for,76326
give,7490
if,27498
know,15342
left,4562
look,6750
made,11558
many,6862
may,9992
might,7314
mother,4316
must,12330
name,4792
next,4446
not,70286
nothing,8776
people,7230
place,6644
said,21972
see,14926
seen,4074
should,10688
soon,4762
than,14678
these,11558
things,5568
those,6832
till,4700
to,235616
way,10458
while,5364
yes,5188
any,16960
better,5044
day,11918
enough,5676
eyes,4362
him,43842
himself,6780
house,6734
love,7236
mrs,7960
myself,4666
night,6530
poor,5214
says,4464
thing,8900
thou,12004
too,10280
years,6476
yet,8328
